{
  "wind_mae": 3920.1078966926125,
  "pv_mae": 3544.2286484662222,
  "load_mae": 344.2047051822438,
  "wind_rmse": 6821.196910184973,
  "pv_rmse": 6903.058299345129,
  "load_rmse": 441.39408156451054,
  "flops": 215316.0,
  "params": 8019.0,
  "mae_sum": 7808.541250341078
}