{
  "wind_mae": 4007.628164852367,
  "pv_mae": 3423.171121036305,
  "load_mae": 343.32158212100757,
  "wind_rmse": 7093.241111306583,
  "pv_rmse": 6678.83793370864,
  "load_rmse": 443.16038872213926,
  "flops": 180318.0,
  "params": 8019.0,
  "mae_sum": 7774.12086800968
}