{
  "wind_mae": 3720.832644967472,
  "pv_mae": 3936.54148236443,
  "load_mae": 412.7124063828412,
  "wind_rmse": 6667.996945100672,
  "pv_rmse": 7584.774299172794,
  "load_rmse": 526.0156294878791,
  "flops": 168912.0,
  "params": 5571.0,
  "mae_sum": 8070.086533714743
}