{
  "wind_mae": 4001.7560424804688,
  "pv_mae": 2901.8413766043527,
  "load_mae": 425.89784458705356,
  "wind_rmse": 7265.124857003349,
  "pv_rmse": 5983.503599330357,
  "load_rmse": 534.3608747209821,
  "flops": 104220.0,
  "params": 5604.0,
  "mae_sum": 7329.495263671874
}