{
  "wind_mae": 5232.1652580710015,
  "pv_mae": 3762.805818445542,
  "load_mae": 392.7034216488109,
  "wind_rmse": 8573.494269875919,
  "pv_rmse": 7372.282966164981,
  "load_rmse": 510.18116131950825,
  "flops": 240450.0,
  "params": 11821.0,
  "mae_sum": 9387.674498165354
}