{
  "wind_mae": 4158.492472031538,
  "pv_mae": 3414.502068014706,
  "load_mae": 426.36075906192553,
  "wind_rmse": 7291.205817727481,
  "pv_rmse": 6556.398778578814,
  "load_rmse": 536.8588490205652,
  "flops": 246174.0,
  "params": 10715.0,
  "mae_sum": 7999.35529910817
}