{
  "wind_mae": 4121.666324288504,
  "pv_mae": 3020.4527500697545,
  "load_mae": 475.0426975795201,
  "wind_rmse": 7271.308850969587,
  "pv_rmse": 6202.201876395089,
  "load_rmse": 599.4834376743862,
  "flops": 75186.0,
  "params": 5394.0,
  "mae_sum": 7617.161771937779
}