{
  "wind_mae": 3974.3787076677595,
  "pv_mae": 2734.9805821010045,
  "load_mae": 428.00855669294083,
  "wind_rmse": 7146.9714407784595,
  "pv_rmse": 5713.157861328125,
  "load_rmse": 540.4770054408482,
  "flops": 104220.0,
  "params": 5604.0,
  "mae_sum": 7137.367846461705
}