{
  "wind_mae": 4151.521737234933,
  "pv_mae": 3153.1501569475445,
  "load_mae": 384.7538208007812,
  "wind_rmse": 7504.102816336495,
  "pv_rmse": 6261.832756696429,
  "load_rmse": 480.88753487723216,
  "flops": 236934.0,
  "params": 19533.0,
  "mae_sum": 7689.425714983259
}