{
  "wind_mae": 4609.327612304687,
  "pv_mae": 3817.3798086983816,
  "load_mae": 513.1241498674665,
  "wind_rmse": 8014.634945242746,
  "pv_rmse": 7474.393523297991,
  "load_rmse": 641.8659467424665,
  "flops": 130200.0,
  "params": 6789.0,
  "mae_sum": 8939.831570870536
}