{
  "wind_mae": 5490.283870921416,
  "pv_mae": 4314.756204044118,
  "load_mae": 444.44755419562847,
  "wind_rmse": 9006.520872228286,
  "pv_rmse": 8042.43505859375,
  "load_rmse": 558.2467229506549,
  "flops": 294210.0,
  "params": 14231.0,
  "mae_sum": 10249.487629161164
}