{
  "wind_mae": 3982.376423427037,
  "pv_mae": 3286.7464146205357,
  "load_mae": 359.8947780064174,
  "wind_rmse": 7092.044843837193,
  "pv_rmse": 6439.416029575893,
  "load_rmse": 462.18271484375,
  "flops": 95988.0,
  "params": 5121.0,
  "mae_sum": 7629.01761605399
}