{
  "wind_mae": 7302.14053883272,
  "pv_mae": 8247.178208295038,
  "load_mae": 854.6439837287454,
  "wind_rmse": 9605.934936523438,
  "pv_rmse": 11007.01545266544,
  "load_rmse": 1062.2756975959328,
  "mae_sum": 16403.962730856503,
  "epoch": 1
}