{
  "wind_mae": 5254.002743966239,
  "pv_mae": 3818.017841448103,
  "load_mae": 433.01070469447546,
  "wind_rmse": 8627.754050118583,
  "pv_rmse": 7706.369447544643,
  "load_rmse": 538.5360569545201,
  "flops": 99648.0,
  "params": 4881.0,
  "mae_sum": 9505.031290108818
}