{
  "wind_mae": 4114.152076272403,
  "pv_mae": 3190.0254301183363,
  "load_mae": 370.78654390222886,
  "wind_rmse": 7111.095973295324,
  "pv_rmse": 6348.585725672105,
  "load_rmse": 458.39395231359146,
  "flops": 180318.0,
  "params": 8019.0,
  "mae_sum": 7674.964050292968
}