{
  "wind_mae": 3818.0336631326113,
  "pv_mae": 3165.1619154986215,
  "load_mae": 352.05499940759995,
  "wind_rmse": 6957.791137246524,
  "pv_rmse": 6328.362150304458,
  "load_rmse": 458.616289026597,
  "flops": 180318.0,
  "params": 8019.0,
  "mae_sum": 7335.250578038833
}