{
  "wind_mae": 6316.668139648437,
  "pv_mae": 3456.695017787388,
  "load_mae": 490.734375,
  "wind_rmse": 9830.396064104352,
  "pv_rmse": 6847.20810546875,
  "load_rmse": 619.2538164411272,
  "flops": 261096.0,
  "params": 14775.0,
  "mae_sum": 10264.097532435826
}