{
  "wind_mae": 5421.585000430837,
  "pv_mae": 4155.350356158088,
  "load_mae": 463.16319005629595,
  "wind_rmse": 8817.598769244025,
  "pv_rmse": 8069.529849781709,
  "load_rmse": 595.9109541949103,
  "flops": 216936.0,
  "params": 5361.0,
  "mae_sum": 10040.09854664522
}