{
  "wind_mae": 4468.4517140108,
  "pv_mae": 3556.3535443474266,
  "load_mae": 419.45002028521367,
  "wind_rmse": 7467.609443215762,
  "pv_rmse": 6467.103486902573,
  "load_rmse": 520.7798847871668,
  "flops": 254772.0,
  "params": 9367.0,
  "mae_sum": 8444.25527864344
}