{
  "wind_mae": 4676.186140659877,
  "pv_mae": 3333.5261648995534,
  "load_mae": 428.2381661551339,
  "wind_rmse": 8007.108226667132,
  "pv_rmse": 6659.146219308036,
  "load_rmse": 536.3463003976004,
  "flops": 204168.0,
  "params": 10667.0,
  "mae_sum": 8437.950471714565
}