{
  "wind_mae": 4024.0384519240433,
  "pv_mae": 3002.754742790671,
  "load_mae": 347.79596216538374,
  "wind_rmse": 6981.591911764706,
  "pv_rmse": 6114.420575310202,
  "load_rmse": 438.28319414924175,
  "flops": 155810.0,
  "params": 7705.0,
  "mae_sum": 7374.589156880098
}