{
  "wind_mae": 4329.487265886579,
  "pv_mae": 3959.210159737723,
  "load_mae": 581.2364863804409,
  "wind_rmse": 7804.712865339006,
  "pv_rmse": 7631.892986188616,
  "load_rmse": 727.4122305733817,
  "flops": 153486.0,
  "params": 10905.0,
  "mae_sum": 8869.933912004743
}