{
  "wind_mae": 5727.620912439683,
  "pv_mae": 4327.818659165327,
  "load_mae": 437.0184083826402,
  "wind_rmse": 9349.730398739086,
  "pv_rmse": 8405.486324534697,
  "load_rmse": 565.4757645550897,
  "flops": 179784.0,
  "params": 4587.0,
  "mae_sum": 10492.45797998765
}