{
  "wind_mae": 6148.185505586512,
  "pv_mae": 4412.6745856789985,
  "load_mae": 432.6429941513959,
  "wind_rmse": 9620.192188936122,
  "pv_rmse": 8507.670481962316,
  "load_rmse": 543.2707636216107,
  "flops": 279636.0,
  "params": 11501.0,
  "mae_sum": 10993.503085416905
}