{
  "wind_mae": 3870.109535435268,
  "pv_mae": 3073.9309901646207,
  "load_mae": 425.00755789620536,
  "wind_rmse": 7145.689222063337,
  "pv_rmse": 6157.778236607143,
  "load_rmse": 542.8450962611607,
  "flops": 84468.0,
  "params": 4641.0,
  "mae_sum": 7369.048083496094
}