{
  "wind_mae": 6446.193948521333,
  "pv_mae": 3818.9116605870863,
  "load_mae": 498.43038222369023,
  "wind_rmse": 10334.357967601103,
  "pv_rmse": 7687.826304716223,
  "load_rmse": 632.1983705408433,
  "flops": 267310.0,
  "params": 12267.0,
  "mae_sum": 10763.53599133211
}