{
  "wind_mae": 5984.863952636719,
  "pv_mae": 4798.789349724265,
  "load_mae": 514.8040968951057,
  "wind_rmse": 9065.710045309628,
  "pv_rmse": 9017.747307272519,
  "load_rmse": 644.0087621352252,
  "flops": 163890.0,
  "params": 7313.0,
  "mae_sum": 11298.45739925609
}