{
  "wind_mae": 4863.87835257394,
  "pv_mae": 3782.4183349609375,
  "load_mae": 513.8906594412667,
  "wind_rmse": 8353.050918579102,
  "pv_rmse": 7362.326848493303,
  "load_rmse": 624.3759068080357,
  "flops": 286362.0,
  "params": 18987.0,
  "mae_sum": 9160.187346976145
}