{
  "wind_mae": 5667.306288364955,
  "pv_mae": 3810.4143833705357,
  "load_mae": 459.0789001464844,
  "wind_rmse": 9445.131595284598,
  "pv_rmse": 7541.922209821429,
  "load_rmse": 577.7019269670759,
  "flops": 94182.0,
  "params": 6993.0,
  "mae_sum": 9936.799571881975
}