{
  "wind_mae": 4286.714081259335,
  "pv_mae": 3387.5886409983914,
  "load_mae": 334.0492989035214,
  "wind_rmse": 7652.298400878906,
  "pv_rmse": 6603.423555261948,
  "load_rmse": 424.401938494514,
  "flops": 161118.0,
  "params": 7379.0,
  "mae_sum": 8008.352021161248
}