{
  "wind_mae": 3923.5534092494418,
  "pv_mae": 3388.5083129882814,
  "load_mae": 395.924653843471,
  "wind_rmse": 6894.893049839565,
  "pv_rmse": 6774.037081473214,
  "load_rmse": 503.7631042480469,
  "flops": 95988.0,
  "params": 5121.0,
  "mae_sum": 7707.986376081194
}