{
  "wind_mae": 3920.9004695347376,
  "pv_mae": 3208.8792061941963,
  "load_mae": 350.75325273786274,
  "wind_rmse": 7126.766301618303,
  "pv_rmse": 6357.113023158482,
  "load_rmse": 455.18057599748886,
  "flops": 95988.0,
  "params": 5121.0,
  "mae_sum": 7480.532928466797
}