{
  "wind_mae": 3884.471149117606,
  "pv_mae": 2983.120574079241,
  "load_mae": 463.2255432128906,
  "wind_rmse": 6958.516234479632,
  "pv_rmse": 6054.552884347098,
  "load_rmse": 586.4040597098215,
  "flops": 101988.0,
  "params": 5091.0,
  "mae_sum": 7330.817266409737
}