{
  "wind_mae": 4405.903552784639,
  "pv_mae": 3956.1493817497703,
  "load_mae": 415.5157389921301,
  "wind_rmse": 7650.782162834616,
  "pv_rmse": 7785.170108570772,
  "load_rmse": 530.5987028234146,
  "flops": 186828.0,
  "params": 7185.0,
  "mae_sum": 8777.568673526539
}