{
  "wind_mae": 3875.6727103097096,
  "pv_mae": 2829.8509294782366,
  "load_mae": 418.19174107142857,
  "wind_rmse": 7104.53669695173,
  "pv_rmse": 5851.369304547991,
  "load_rmse": 529.3782470703125,
  "flops": 101988.0,
  "params": 5091.0,
  "mae_sum": 7123.715380859375
}