{
  "wind_mae": 3827.579740412095,
  "pv_mae": 4096.9513406192555,
  "load_mae": 443.01870817296646,
  "wind_rmse": 6957.765040678137,
  "pv_rmse": 7790.857515222886,
  "load_rmse": 565.4632837632123,
  "flops": 164448.0,
  "params": 5874.0,
  "mae_sum": 8367.549789204317
}