{
  "wind_mae": 5492.322254289899,
  "pv_mae": 4196.444349888393,
  "load_mae": 412.517580304827,
  "wind_rmse": 8925.549820382255,
  "pv_rmse": 8123.115443638393,
  "load_rmse": 507.17562168666296,
  "flops": 171048.0,
  "params": 9889.0,
  "mae_sum": 10101.28418448312
}