{
  "wind_mae": 5869.810620989118,
  "pv_mae": 4298.272031947545,
  "load_mae": 579.2260654994419,
  "wind_rmse": 9482.037476893835,
  "pv_rmse": 8330.108077566963,
  "load_rmse": 720.3341535295759,
  "flops": 186066.0,
  "params": 14377.0,
  "mae_sum": 10747.308718436107
}