{
  "wind_mae": 5987.038242885044,
  "pv_mae": 3571.3859619140626,
  "load_mae": 438.7200570242746,
  "wind_rmse": 9473.362161690848,
  "pv_rmse": 7219.985518973214,
  "load_rmse": 539.9680698939732,
  "flops": 195576.0,
  "params": 9419.0,
  "mae_sum": 9997.144261823381
}