{
  "wind_mae": 4912.604008394129,
  "pv_mae": 3515.5693754308363,
  "load_mae": 422.8796211691464,
  "wind_rmse": 8317.683980605181,
  "pv_rmse": 7012.831478343291,
  "load_rmse": 543.9018994499655,
  "flops": 273916.0,
  "params": 10691.0,
  "mae_sum": 8851.053004994112
}