{
  "wind_mae": 4073.864175235524,
  "pv_mae": 3709.622397030101,
  "load_mae": 346.6207988963408,
  "wind_rmse": 6992.957082411822,
  "pv_rmse": 7217.854427562041,
  "load_rmse": 445.4970312679515,
  "flops": 108894.0,
  "params": 5061.0,
  "mae_sum": 8130.107371161966
}