{
  "wind_mae": 3975.4205396379743,
  "pv_mae": 2605.3895891462053,
  "load_mae": 443.25899483816966,
  "wind_rmse": 7070.674637930734,
  "pv_rmse": 5435.210152762277,
  "load_rmse": 557.6984994070871,
  "flops": 104220.0,
  "params": 5604.0,
  "mae_sum": 7024.06912362235
}