{
  "wind_mae": 4920.778893414666,
  "pv_mae": 3820.276902142693,
  "load_mae": 506.26198353486905,
  "wind_rmse": 8288.249966789694,
  "pv_rmse": 7619.175874597886,
  "load_rmse": 645.7673312916476,
  "flops": 279612.0,
  "params": 10265.0,
  "mae_sum": 9247.317779092227
}