{
  "wind_mae": 4134.523040771484,
  "pv_mae": 3322.6682200712316,
  "load_mae": 331.1920794318704,
  "wind_rmse": 7123.979299208697,
  "pv_rmse": 6602.676599839155,
  "load_rmse": 425.83854585535386,
  "flops": 206100.0,
  "params": 7763.0,
  "mae_sum": 7788.383340274586
}