{
  "wind_mae": 4696.16578764074,
  "pv_mae": 3725.3805506089157,
  "load_mae": 456.1193659165326,
  "wind_rmse": 7780.226238475127,
  "pv_rmse": 7178.497745289522,
  "load_rmse": 576.1230764950024,
  "flops": 137820.0,
  "params": 5253.0,
  "mae_sum": 8877.66570416619
}