{
  "wind_mae": 3892.8742388556984,
  "pv_mae": 3385.2077923943016,
  "load_mae": 378.4010548311121,
  "wind_rmse": 6907.155070136575,
  "pv_rmse": 6695.4487520105695,
  "load_rmse": 490.46390398810894,
  "flops": 164958.0,
  "params": 7507.0,
  "mae_sum": 7656.483086081113
}