{
  "wind_mae": 4132.279124540441,
  "pv_mae": 3622.771150476792,
  "load_mae": 364.57590260225186,
  "wind_rmse": 7311.7696883257695,
  "pv_rmse": 7225.170661477481,
  "load_rmse": 465.86507101619947,
  "flops": 104826.0,
  "params": 4641.0,
  "mae_sum": 8119.626177619485
}