{
  "wind_mae": 3892.239346749442,
  "pv_mae": 2737.8755859375,
  "load_mae": 415.24508013044084,
  "wind_rmse": 7035.472331019811,
  "pv_rmse": 5689.045556640625,
  "load_rmse": 515.6344648088727,
  "flops": 101988.0,
  "params": 5091.0,
  "mae_sum": 7045.360012817383
}