{
  "wind_mae": 3953.816378348214,
  "pv_mae": 3127.854279436384,
  "load_mae": 395.16495622907365,
  "wind_rmse": 7106.207121058873,
  "pv_rmse": 6255.297206333706,
  "load_rmse": 513.9539699009487,
  "flops": 95988.0,
  "params": 5121.0,
  "mae_sum": 7476.835614013672
}