{
  "wind_mae": 4364.4464730398995,
  "pv_mae": 3825.1697021484374,
  "load_mae": 397.7267560686384,
  "wind_rmse": 7893.9033185686385,
  "pv_rmse": 7545.849476841518,
  "load_rmse": 499.63494655064176,
  "flops": 137118.0,
  "params": 9641.0,
  "mae_sum": 8587.342931256975
}