{
  "wind_mae": 4610.2842748305375,
  "pv_mae": 3625.529225068934,
  "load_mae": 430.39352596507354,
  "wind_rmse": 7627.577090992647,
  "pv_rmse": 7016.792221966912,
  "load_rmse": 561.6136537439683,
  "flops": 241632.0,
  "params": 5913.0,
  "mae_sum": 8666.207025864545
}