{
  "wind_mae": 3971.696370806013,
  "pv_mae": 3121.0840872628346,
  "load_mae": 467.9172084263393,
  "wind_rmse": 7183.579400198801,
  "pv_rmse": 6340.151764787946,
  "load_rmse": 591.4076947893415,
  "flops": 104220.0,
  "params": 5604.0,
  "mae_sum": 7560.697666495187
}