{
  "wind_mae": 4112.841632394229,
  "pv_mae": 3536.934861127068,
  "load_mae": 392.7637724034926,
  "wind_rmse": 7444.337552687701,
  "pv_rmse": 7038.992302389706,
  "load_rmse": 502.18936785529644,
  "flops": 159138.0,
  "params": 7313.0,
  "mae_sum": 8042.54026592479
}