{
  "wind_mae": 6089.390827723912,
  "pv_mae": 4154.669946289063,
  "load_mae": 457.01739894321986,
  "wind_rmse": 9824.997045898437,
  "pv_rmse": 7800.628152901786,
  "load_rmse": 571.5235682896206,
  "flops": 148986.0,
  "params": 10027.0,
  "mae_sum": 10701.078172956195
}