{
  "wind_mae": 5683.051616893095,
  "pv_mae": 3981.320646398208,
  "load_mae": 486.5445422004251,
  "wind_rmse": 8757.703992058248,
  "pv_rmse": 7612.412691004136,
  "load_rmse": 613.7397523767808,
  "flops": 135054.0,
  "params": 5700.0,
  "mae_sum": 10150.916805491728
}