{
  "wind_mae": 5842.075605119978,
  "pv_mae": 3758.9171840122767,
  "load_mae": 429.7665937151228,
  "wind_rmse": 9525.620524379185,
  "pv_rmse": 7406.446826171875,
  "load_rmse": 537.1638445172991,
  "flops": 204882.0,
  "params": 14967.0,
  "mae_sum": 10030.759382847378
}