{
  "wind_mae": 4041.2415717629824,
  "pv_mae": 3556.7010713465074,
  "load_mae": 406.1213365442613,
  "wind_rmse": 6993.97225413603,
  "pv_rmse": 7009.869916130515,
  "load_rmse": 523.8187264835133,
  "flops": 281664.0,
  "params": 7435.0,
  "mae_sum": 8004.063979653751
}