{
  "wind_mae": 5565.755268770105,
  "pv_mae": 4161.79012522978,
  "load_mae": 461.5613681568819,
  "wind_rmse": 8897.264576631434,
  "pv_rmse": 8025.124561982996,
  "load_rmse": 580.860284244313,
  "flops": 206478.0,
  "params": 8983.0,
  "mae_sum": 10189.106762156765
}