{
  "wind_mae": 4302.222329532399,
  "pv_mae": 3410.608481014476,
  "load_mae": 349.2629722146427,
  "wind_rmse": 7397.428870705997,
  "pv_rmse": 6895.344080307905,
  "load_rmse": 445.5514517391429,
  "flops": 206100.0,
  "params": 7763.0,
  "mae_sum": 8062.093782761518
}