{
  "wind_mae": 3866.1619543187758,
  "pv_mae": 3323.646692612592,
  "load_mae": 344.2652641745175,
  "wind_rmse": 6814.299673192641,
  "pv_rmse": 6624.588493795956,
  "load_rmse": 443.69404691808364,
  "flops": 215316.0,
  "params": 8019.0,
  "mae_sum": 7534.073911105885
}