{
  "wind_mae": 3818.281758771624,
  "pv_mae": 2774.9529410226005,
  "load_mae": 455.3554421561105,
  "wind_rmse": 6895.999598911831,
  "pv_rmse": 5683.725348772321,
  "load_rmse": 578.8894138881138,
  "flops": 104220.0,
  "params": 5604.0,
  "mae_sum": 7048.590141950334
}