{
  "wind_mae": 4479.240935407366,
  "pv_mae": 3737.812039620536,
  "load_mae": 477.31461312430247,
  "wind_rmse": 7742.464078194755,
  "pv_rmse": 7293.325279017857,
  "load_rmse": 605.4520010811942,
  "flops": 234198.0,
  "params": 16089.0,
  "mae_sum": 8694.367588152205
}