{
  "wind_mae": 4127.60243007115,
  "pv_mae": 2862.774129813058,
  "load_mae": 410.6565464564732,
  "wind_rmse": 7280.498620605469,
  "pv_rmse": 5747.509824916295,
  "load_rmse": 514.429252406529,
  "flops": 104220.0,
  "params": 5604.0,
  "mae_sum": 7401.03310634068
}