{
  "wind_mae": 3785.5144016810827,
  "pv_mae": 2756.277001953125,
  "load_mae": 399.5445892333984,
  "wind_rmse": 6918.059506225586,
  "pv_rmse": 5829.730064174107,
  "load_rmse": 500.4728219168527,
  "flops": 104220.0,
  "params": 5604.0,
  "mae_sum": 6941.335992867606
}