{
  "wind_mae": 4903.390808105469,
  "pv_mae": 3761.6216901506696,
  "load_mae": 550.7057137625558,
  "wind_rmse": 8341.801266043527,
  "pv_rmse": 7291.202880859375,
  "load_rmse": 667.9629568917411,
  "flops": 191394.0,
  "params": 13515.0,
  "mae_sum": 9215.718212018695
}