{
  "wind_mae": 4976.519561767578,
  "pv_mae": 3909.870304652623,
  "load_mae": 467.67186061314175,
  "wind_rmse": 8343.102031598772,
  "pv_rmse": 7505.475129045759,
  "load_rmse": 594.5002729143415,
  "flops": 176424.0,
  "params": 9365.0,
  "mae_sum": 9354.061727033342
}