{
  "wind_mae": 3890.3076647077287,
  "pv_mae": 3100.265947614397,
  "load_mae": 419.486228288923,
  "wind_rmse": 7175.6464603969025,
  "pv_rmse": 6147.442170061384,
  "load_rmse": 520.2997488839286,
  "flops": 104220.0,
  "params": 5604.0,
  "mae_sum": 7410.0598406110485
}