{
  "wind_mae": 5976.558331657859,
  "pv_mae": 4067.1304357192093,
  "load_mae": 477.77123125861675,
  "wind_rmse": 9596.950192619772,
  "pv_rmse": 7829.083395565257,
  "load_rmse": 605.7376664105584,
  "flops": 105546.0,
  "params": 4575.0,
  "mae_sum": 10521.459998635686
}