{
  "wind_mae": 4372.54103742327,
  "pv_mae": 2907.3526559012275,
  "load_mae": 457.3760123116629,
  "wind_rmse": 7623.783591134207,
  "pv_rmse": 5984.629321289062,
  "load_rmse": 577.1123788016183,
  "flops": 105120.0,
  "params": 5604.0,
  "mae_sum": 7737.269705636159
}