{
  "wind_mae": 3873.41619312062,
  "pv_mae": 3336.3100514131434,
  "load_mae": 392.7178447947783,
  "wind_rmse": 7006.804186652688,
  "pv_rmse": 6517.162834616269,
  "load_rmse": 498.63910989200366,
  "flops": 180318.0,
  "params": 8019.0,
  "mae_sum": 7602.444089328542
}