{
  "wind_mae": 5174.814965820313,
  "pv_mae": 4437.016521344866,
  "load_mae": 445.2254865373884,
  "wind_rmse": 8596.765967668805,
  "pv_rmse": 8102.158823939732,
  "load_rmse": 564.8202793666295,
  "flops": 208456.0,
  "params": 11945.0,
  "mae_sum": 10057.056973702567
}