{
  "wind_mae": 4209.2535341535295,
  "pv_mae": 3584.1916785103936,
  "load_mae": 441.44326171875,
  "wind_rmse": 7452.324281529018,
  "pv_rmse": 7176.742522648403,
  "load_rmse": 548.1572230747768,
  "flops": 81480.0,
  "params": 4479.0,
  "mae_sum": 8234.888474382673
}