{
  "wind_mae": 6464.321499197824,
  "pv_mae": 3886.2612200055805,
  "load_mae": 456.6469765799386,
  "wind_rmse": 10426.529134695871,
  "pv_rmse": 7666.14541015625,
  "load_rmse": 577.4208060128349,
  "flops": 105738.0,
  "params": 7635.0,
  "mae_sum": 10807.229695783344
}