{
  "wind_mae": 6083.8715148925785,
  "pv_mae": 4245.523440987723,
  "load_mae": 458.14579816545756,
  "wind_rmse": 9775.67475149972,
  "pv_rmse": 8077.786809430803,
  "load_rmse": 590.6575291224889,
  "flops": 211086.0,
  "params": 14217.0,
  "mae_sum": 10787.54075404576
}