{
  "wind_mae": 5301.1358712332585,
  "pv_mae": 4462.236052594866,
  "load_mae": 447.94768763950896,
  "wind_rmse": 8641.187280273438,
  "pv_rmse": 8526.261139787946,
  "load_rmse": 571.1571986607142,
  "flops": 232386.0,
  "params": 17987.0,
  "mae_sum": 10211.319611467634
}