{
  "wind_mae": 5703.90568586077,
  "pv_mae": 4115.366120256696,
  "load_mae": 438.3718915666853,
  "wind_rmse": 9395.620838928222,
  "pv_rmse": 8048.6153529575895,
  "load_rmse": 560.1035801478795,
  "flops": 127710.0,
  "params": 8233.0,
  "mae_sum": 10257.643697684152
}