{
  "wind_mae": 3836.6200988769533,
  "pv_mae": 3011.0771902901784,
  "load_mae": 422.67208687918526,
  "wind_rmse": 6762.574080113002,
  "pv_rmse": 6135.775959123884,
  "load_rmse": 541.5232055664062,
  "flops": 120996.0,
  "params": 5883.0,
  "mae_sum": 7270.3693760463175
}