{
  "wind_mae": 4913.053883272059,
  "pv_mae": 3571.4514698701746,
  "load_mae": 489.0317221248851,
  "wind_rmse": 7751.401042265051,
  "pv_rmse": 7007.510892980239,
  "load_rmse": 630.1081309599035,
  "flops": 159024.0,
  "params": 4479.0,
  "mae_sum": 8973.537075267117
}