{
  "wind_mae": 4160.824230521066,
  "pv_mae": 2959.4597586495534,
  "load_mae": 493.57278616768974,
  "wind_rmse": 7524.066512625558,
  "pv_rmse": 6006.315645926339,
  "load_rmse": 621.9121146065849,
  "flops": 104652.0,
  "params": 6045.0,
  "mae_sum": 7613.856775338309
}