{
  "wind_mae": 3884.6630114387062,
  "pv_mae": 3628.2149622300094,
  "load_mae": 344.66165250890396,
  "wind_rmse": 6833.5988401525165,
  "pv_rmse": 7094.305211684283,
  "load_rmse": 447.3228185317096,
  "flops": 215316.0,
  "params": 8019.0,
  "mae_sum": 7857.5396261776195
}