{
  "wind_mae": 5002.091111575856,
  "pv_mae": 3403.1167387120863,
  "load_mae": 353.5034215590533,
  "wind_rmse": 8292.961274090936,
  "pv_rmse": 6738.702880859375,
  "load_rmse": 455.15631911333867,
  "flops": 151056.0,
  "params": 5931.0,
  "mae_sum": 8758.711271846996
}