{
  "wind_mae": 3947.9595458984377,
  "pv_mae": 3108.30347202846,
  "load_mae": 405.58180280412944,
  "wind_rmse": 7243.0112871442525,
  "pv_rmse": 6372.777117047991,
  "load_rmse": 518.3517874581473,
  "flops": 104220.0,
  "params": 5604.0,
  "mae_sum": 7461.8448207310275
}