{
  "wind_mae": 3886.3337797277113,
  "pv_mae": 3405.730531580308,
  "load_mae": 376.13638260785274,
  "wind_rmse": 6915.476072423598,
  "pv_rmse": 6758.503665699678,
  "load_rmse": 483.7844139547909,
  "flops": 215316.0,
  "params": 8019.0,
  "mae_sum": 7668.200693915871
}