{
  "wind_mae": 4017.9942234584264,
  "pv_mae": 2936.8037876674107,
  "load_mae": 425.55505719866073,
  "wind_rmse": 7056.289346749442,
  "pv_rmse": 6045.944084821429,
  "load_rmse": 538.8951398577009,
  "flops": 101988.0,
  "params": 5091.0,
  "mae_sum": 7380.353068324497
}