{
  "wind_mae": 4679.82143312342,
  "pv_mae": 3719.6458381204043,
  "load_mae": 498.3371824376723,
  "wind_rmse": 7761.429320391487,
  "pv_rmse": 7229.660816865809,
  "load_rmse": 617.1954462387982,
  "flops": 256030.0,
  "params": 11557.0,
  "mae_sum": 8897.804453681496
}