{
  "wind_mae": 4063.254054042271,
  "pv_mae": 2854.9032610212053,
  "load_mae": 411.9911542619978,
  "wind_rmse": 7268.946990094866,
  "pv_rmse": 5751.725080217634,
  "load_rmse": 523.7816973005023,
  "flops": 99612.0,
  "params": 5835.0,
  "mae_sum": 7330.148469325473
}