{
  "wind_mae": 4033.5796040126256,
  "pv_mae": 3314.9277587890624,
  "load_mae": 323.58899274553573,
  "wind_rmse": 7356.672477940151,
  "pv_rmse": 6589.038598632813,
  "load_rmse": 413.30767211914065,
  "flops": 204508.0,
  "params": 11557.0,
  "mae_sum": 7672.0963555472235
}