{
  "wind_mae": 4204.789690290178,
  "pv_mae": 3719.2938197544645,
  "load_mae": 442.92459978376115,
  "wind_rmse": 7602.381639753069,
  "pv_rmse": 7174.935759626116,
  "load_rmse": 564.1019505092075,
  "flops": 234198.0,
  "params": 16089.0,
  "mae_sum": 8367.008109828404
}