{
  "wind_mae": 3889.154536655971,
  "pv_mae": 2648.28116280692,
  "load_mae": 424.8651201520647,
  "wind_rmse": 6970.8341683523995,
  "pv_rmse": 5539.787817382812,
  "load_rmse": 531.6674290248326,
  "flops": 101988.0,
  "params": 5091.0,
  "mae_sum": 6962.300819614955
}