{
  "wind_mae": 3997.8069396972655,
  "pv_mae": 2808.4131853376116,
  "load_mae": 391.1280713762556,
  "wind_rmse": 7117.667488316128,
  "pv_rmse": 5958.833178710937,
  "load_rmse": 498.38041207449777,
  "flops": 101988.0,
  "params": 5091.0,
  "mae_sum": 7197.348196411132
}