{
  "wind_mae": 5434.030562482561,
  "pv_mae": 3243.3898350306918,
  "load_mae": 549.5454929896763,
  "wind_rmse": 8835.46460484096,
  "pv_rmse": 6436.976653180804,
  "load_rmse": 698.9697684151786,
  "flops": 106920.0,
  "params": 5604.0,
  "mae_sum": 9226.96589050293
}