{
  "wind_mae": 5026.243645804269,
  "pv_mae": 4052.9616908482144,
  "load_mae": 492.23896745954244,
  "wind_rmse": 8433.325609479632,
  "pv_rmse": 7867.880447823661,
  "load_rmse": 609.5431614467076,
  "flops": 200728.0,
  "params": 11755.0,
  "mae_sum": 9571.444304112025
}