{
  "wind_mae": 3914.4447627476284,
  "pv_mae": 3406.556755719866,
  "load_mae": 404.0063738141741,
  "wind_rmse": 6982.8593767438615,
  "pv_rmse": 6671.103166852678,
  "load_rmse": 515.1317905970982,
  "flops": 110834.0,
  "params": 8539.0,
  "mae_sum": 7725.007892281668
}