{
  "wind_mae": 4396.412553675034,
  "pv_mae": 3224.8689934225645,
  "load_mae": 351.82821834788604,
  "wind_rmse": 7649.0452494901765,
  "pv_rmse": 6333.7477776022515,
  "load_rmse": 442.647419200224,
  "flops": 180318.0,
  "params": 8019.0,
  "mae_sum": 7973.109765445484
}