{
  "wind_mae": 3832.4413613712086,
  "pv_mae": 3293.269832835478,
  "load_mae": 356.54608558205996,
  "wind_rmse": 6914.878382065717,
  "pv_rmse": 6591.1486565085015,
  "load_rmse": 456.6382293701172,
  "flops": 180318.0,
  "params": 8019.0,
  "mae_sum": 7482.257279788747
}