{
  "wind_mae": 4418.9549876621795,
  "pv_mae": 3766.5745186941963,
  "load_mae": 413.97256556919643,
  "wind_rmse": 7847.872700718471,
  "pv_rmse": 7319.309375,
  "load_rmse": 528.6478794642857,
  "flops": 106956.0,
  "params": 6141.0,
  "mae_sum": 8599.502071925572
}