{
  "wind_mae": 3831.4108032226563,
  "pv_mae": 2655.0163678850445,
  "load_mae": 400.74084036690846,
  "wind_rmse": 6915.240716552735,
  "pv_rmse": 5582.601035853794,
  "load_rmse": 497.9048618861607,
  "flops": 101988.0,
  "params": 5091.0,
  "mae_sum": 6887.16801147461
}