{
  "wind_mae": 4048.5041526345644,
  "pv_mae": 3964.9063110351562,
  "load_mae": 472.27379249123965,
  "wind_rmse": 7243.192447886748,
  "pv_rmse": 7795.174596449908,
  "load_rmse": 601.6850630816291,
  "flops": 243510.0,
  "params": 10441.0,
  "mae_sum": 8485.684256160961
}