{
  "wind_mae": 4241.959771549001,
  "pv_mae": 3195.0043658088234,
  "load_mae": 499.51294842888325,
  "wind_rmse": 7407.421504301184,
  "pv_rmse": 6512.219148523667,
  "load_rmse": 634.510410084444,
  "flops": 123606.0,
  "params": 5835.0,
  "mae_sum": 7936.477085786708
}