{
  "wind_mae": 5031.55130184398,
  "pv_mae": 4018.7020874023438,
  "load_mae": 397.90499384262984,
  "wind_rmse": 8089.741203756894,
  "pv_rmse": 7657.267940745634,
  "load_rmse": 505.04521089441636,
  "flops": 238620.0,
  "params": 9633.0,
  "mae_sum": 9448.158383088954
}