{
  "wind_mae": 4335.900438645307,
  "pv_mae": 3237.49263269761,
  "load_mae": 336.34395644244023,
  "wind_rmse": 7471.857669605928,
  "pv_rmse": 6569.323385799632,
  "load_rmse": 440.83245311063877,
  "flops": 259668.0,
  "params": 8747.0,
  "mae_sum": 7909.737027785357
}