{
  "wind_mae": 5926.373417573816,
  "pv_mae": 4270.500491871553,
  "load_mae": 521.5634370691636,
  "wind_rmse": 9451.817964441636,
  "pv_rmse": 8247.40627154182,
  "load_rmse": 661.1122714771944,
  "flops": 230976.0,
  "params": 6084.0,
  "mae_sum": 10718.437346514535
}