{
  "wind_mae": 4390.706100463867,
  "pv_mae": 3963.198402622768,
  "load_mae": 366.0199279785156,
  "wind_rmse": 7746.496056256976,
  "pv_rmse": 7631.162785993303,
  "load_rmse": 469.01720057896205,
  "flops": 92280.0,
  "params": 4929.0,
  "mae_sum": 8719.92443106515
}