{
  "wind_mae": 4000.5044438979203,
  "pv_mae": 3050.088712804458,
  "load_mae": 434.2005494061638,
  "wind_rmse": 7249.8108569874485,
  "pv_rmse": 6290.65239760455,
  "load_rmse": 549.7551332361558,
  "flops": 192276.0,
  "params": 7379.0,
  "mae_sum": 7484.793706108542
}