{
  "wind_mae": 4358.569816371372,
  "pv_mae": 2831.8609619140625,
  "load_mae": 466.3426256452288,
  "wind_rmse": 7633.802618408203,
  "pv_rmse": 5905.733827427455,
  "load_rmse": 585.3642953055246,
  "flops": 102888.0,
  "params": 5091.0,
  "mae_sum": 7656.773403930663
}