{
  "wind_mae": 3693.6174074445453,
  "pv_mae": 3771.4534912109375,
  "load_mae": 412.0964621407645,
  "wind_rmse": 7082.410639735631,
  "pv_rmse": 7378.6986049107145,
  "load_rmse": 520.7826851981026,
  "flops": 95886.0,
  "params": 6729.0,
  "mae_sum": 7877.1673607962475
}