{
  "wind_mae": 3804.847260867848,
  "pv_mae": 3737.8297119140625,
  "load_mae": 377.1866051169003,
  "wind_rmse": 6782.419584386489,
  "pv_rmse": 7173.993307674632,
  "load_rmse": 480.9273349537569,
  "flops": 215316.0,
  "params": 8019.0,
  "mae_sum": 7919.86357789881
}