{
  "wind_mae": 5275.646117292132,
  "pv_mae": 3503.8445068359374,
  "load_mae": 363.32142028808596,
  "wind_rmse": 8863.544719587053,
  "pv_rmse": 6934.102692522321,
  "load_rmse": 461.76654750279016,
  "flops": 235848.0,
  "params": 11987.0,
  "mae_sum": 9142.812044416156
}