{
  "wind_mae": 4313.663903629079,
  "pv_mae": 3275.530934053309,
  "load_mae": 402.12763124353745,
  "wind_rmse": 7405.895337273093,
  "pv_rmse": 6608.933924057905,
  "load_rmse": 512.9626213522519,
  "flops": 180318.0,
  "params": 8019.0,
  "mae_sum": 7991.322468925925
}