{
  "wind_mae": 4485.37834450858,
  "pv_mae": 3400.7900634765624,
  "load_mae": 379.18030787876677,
  "wind_rmse": 7918.870705304827,
  "pv_rmse": 6798.9483677455355,
  "load_rmse": 484.68196934291296,
  "flops": 181566.0,
  "params": 14537.0,
  "mae_sum": 8265.34871586391
}