{
  "wind_mae": 4451.147763933454,
  "pv_mae": 4056.0983293805803,
  "load_mae": 377.1421648297991,
  "wind_rmse": 7774.579713657924,
  "pv_rmse": 7716.664501953125,
  "load_rmse": 481.3630004882813,
  "flops": 126318.0,
  "params": 9889.0,
  "mae_sum": 8884.388258143834
}