{
  "wind_mae": 5576.946824017693,
  "pv_mae": 3501.4517822265625,
  "load_mae": 612.7266361012179,
  "wind_rmse": 8723.981877944048,
  "pv_rmse": 6758.839531393613,
  "load_rmse": 776.6548982508042,
  "flops": 242094.0,
  "params": 9419.0,
  "mae_sum": 9691.125242345473
}