{
  "wind_mae": 4166.324493408203,
  "pv_mae": 3711.7106430951285,
  "load_mae": 392.06528921688306,
  "wind_rmse": 7135.986429551069,
  "pv_rmse": 7231.084020278033,
  "load_rmse": 497.26863457174863,
  "flops": 180318.0,
  "params": 8019.0,
  "mae_sum": 8270.100425720215
}