{
  "wind_mae": 5729.799905831474,
  "pv_mae": 4203.445016043527,
  "load_mae": 555.2523053850447,
  "wind_rmse": 9533.076093401227,
  "pv_rmse": 7934.358063616071,
  "load_rmse": 698.2695251464844,
  "flops": 126000.0,
  "params": 5979.0,
  "mae_sum": 10488.497227260046
}