{
  "wind_mae": 4431.831767054967,
  "pv_mae": 4045.5250069754466,
  "load_mae": 404.2061244419643,
  "wind_rmse": 7675.793688528878,
  "pv_rmse": 7761.70295061384,
  "load_rmse": 509.82071881975446,
  "flops": 66078.0,
  "params": 4425.0,
  "mae_sum": 8881.562898472377
}