{
  "wind_mae": 5808.4019658705765,
  "pv_mae": 3897.2697646197153,
  "load_mae": 435.7212542365579,
  "wind_rmse": 9306.407105389764,
  "pv_rmse": 7603.119944852941,
  "load_rmse": 548.4826022877413,
  "flops": 139620.0,
  "params": 5253.0,
  "mae_sum": 10141.39298472685
}