{
  "wind_mae": 4389.806747436523,
  "pv_mae": 3177.408910414752,
  "load_mae": 393.97130091050093,
  "wind_rmse": 7334.144422643325,
  "pv_rmse": 6202.123323328355,
  "load_rmse": 496.26561781939336,
  "flops": 299490.0,
  "params": 12307.0,
  "mae_sum": 7961.186958761776
}