{
  "wind_mae": 3813.4037484305245,
  "pv_mae": 2899.1780465262277,
  "load_mae": 448.92323608398436,
  "wind_rmse": 7074.557438441685,
  "pv_rmse": 5969.516514369419,
  "load_rmse": 571.5273803710937,
  "flops": 104220.0,
  "params": 5604.0,
  "mae_sum": 7161.505031040736
}