{
  "wind_mae": 5842.117261101218,
  "pv_mae": 3936.389914119945,
  "load_mae": 426.58873389748965,
  "wind_rmse": 9314.711007510914,
  "pv_rmse": 7572.314704446231,
  "load_rmse": 554.6797637939453,
  "flops": 298492.0,
  "params": 11237.0,
  "mae_sum": 10205.095909118652
}