{
  "wind_mae": 4796.693103027344,
  "pv_mae": 3477.908949497768,
  "load_mae": 516.2472856794085,
  "wind_rmse": 8273.173047310966,
  "pv_rmse": 6835.240471540179,
  "load_rmse": 649.7868678501674,
  "flops": 211458.0,
  "params": 16961.0,
  "mae_sum": 8790.84933820452
}