{
  "wind_mae": 3933.5634177071706,
  "pv_mae": 2769.7578369140624,
  "load_mae": 384.4794594900949,
  "wind_rmse": 7139.054853602818,
  "pv_rmse": 5754.692414202009,
  "load_rmse": 488.9057181222098,
  "flops": 101988.0,
  "params": 5091.0,
  "mae_sum": 7087.800714111328
}