{
  "wind_mae": 4209.467338126046,
  "pv_mae": 3418.246023995536,
  "load_mae": 343.2029314313616,
  "wind_rmse": 7364.479704066685,
  "pv_rmse": 6794.3966796875,
  "load_rmse": 433.11793561662944,
  "flops": 77346.0,
  "params": 5931.0,
  "mae_sum": 7970.916293552943
}