{
  "wind_mae": 4008.247354561942,
  "pv_mae": 3010.4191336495537,
  "load_mae": 434.1866472516741,
  "wind_rmse": 6996.735300990514,
  "pv_rmse": 6163.373706054687,
  "load_rmse": 546.6504900251116,
  "flops": 101988.0,
  "params": 5091.0,
  "mae_sum": 7452.85313546317
}