{
  "wind_mae": 4234.212544609519,
  "pv_mae": 3174.5028327493105,
  "load_mae": 370.91527557373047,
  "wind_rmse": 7235.717849731445,
  "pv_rmse": 6344.956446030561,
  "load_rmse": 489.7232342888327,
  "flops": 169098.0,
  "params": 7635.0,
  "mae_sum": 7779.630652932559
}