{
  "wind_mae": 4427.606338949765,
  "pv_mae": 3403.9776395909926,
  "load_mae": 347.897938896628,
  "wind_rmse": 7531.145012799431,
  "pv_rmse": 6630.972835765166,
  "load_rmse": 462.6330324060777,
  "flops": 206100.0,
  "params": 7763.0,
  "mae_sum": 8179.481917437385
}