{
  "wind_mae": 3994.2008990119484,
  "pv_mae": 3100.7590834673715,
  "load_mae": 339.8455393174115,
  "wind_rmse": 7016.470252541934,
  "pv_rmse": 6291.322954963235,
  "load_rmse": 437.836280373966,
  "flops": 180318.0,
  "params": 8019.0,
  "mae_sum": 7434.805521796732
}